{"cameraMode":{"drawMode":0,"name":"Shaded","section":"Shading Mode"},"sceneLighting":true,"audioPlay":false,"sceneViewState":{"m_AlwaysRefresh":false,"showFog":true,"showSkybox":true,"showFlares":true,"showImageEffects":true,"showParticleSystems":true,"showVisualEffectGraphs":true,"m_FxEnabled":true},"in2DMode":false,"pivot":{"x":0.574474036693573,"y":-64.16609191894531,"z":70.74073791503906},"rotation":{"x":-0.39430373907089236,"y":-0.0008295392035506666,"z":0.0003559960168786347,"w":-0.9189814329147339},"size":117.75709533691406,"orthographic":false}