{"cameraMode":{"drawMode":0,"name":"Shaded","section":"Shading Mode"},"sceneLighting":false,"audioPlay":false,"sceneViewState":{"m_AlwaysRefresh":false,"showFog":true,"showSkybox":false,"showFlares":true,"showImageEffects":true,"showParticleSystems":true,"showVisualEffectGraphs":true,"m_FxEnabled":true},"in2DMode":false,"pivot":{"x":3.4481167793273927,"y":4.493472099304199,"z":-3.2713890075683595},"rotation":{"x":-0.35668888688087466,"y":0.020174508914351465,"z":-0.007704644929617643,"w":-0.9339751601219177},"size":0.7549835443496704,"orthographic":false}