{"cameraMode":{"drawMode":0,"name":"Shaded","section":"Shading Mode"},"sceneLighting":false,"audioPlay":false,"sceneViewState":{"m_AlwaysRefresh":false,"showFog":true,"showSkybox":false,"showFlares":true,"showImageEffects":true,"showParticleSystems":true,"showVisualEffectGraphs":true,"m_FxEnabled":true},"in2DMode":false,"pivot":{"x":-1.0492091178894044,"y":0.45887142419815066,"z":0.33820274472236636},"rotation":{"x":0.08737841248512268,"y":0.6312989592552185,"z":-0.0718965232372284,"w":0.7672402262687683},"size":0.4010772109031677,"orthographic":false}